post_id,release_at,product,caption,images,status
ig-radiant-bloom-flower-necklace-1,2026-10-01 21:00:00,radiant-bloom-flower-necklace,"A sparkling daisy pendant on a dainty chain, made for everyday wear.

Radiant Bloom Flower Necklace, in gold tone and silver tone. Under $25.
Shop it through the link in our bio. Free shipping over $35.

Keep nature close.

#amiees #daisynecklace #flowernecklace #daintydaisynecklace #botanicaljewelry #flowerjewelry #naturejewelry",https://cdn.shopify.com/s/files/1/0677/3201/3371/files/radiant-bloom-flower-necklace-gold-editorial.jpg?width=1000&height=1250&crop=center | https://cdn.shopify.com/s/files/1/0677/3201/3371/files/radiant-bloom-flower-necklace-silver-editorial.jpg?width=1000&height=1250&crop=center | https://cdn.shopify.com/s/files/1/0677/3201/3371/files/radiant-bloom-flower-necklace-gold-linen.jpg?width=1000&height=1250&crop=center | https://cdn.shopify.com/s/files/1/0677/3201/3371/files/radiant-bloom-flower-necklace-gold-text.jpg?width=1000&height=1250&crop=top | https://cdn.shopify.com/s/files/1/0677/3201/3371/files/radiant-bloom-flower-necklace-silver-text.jpg?width=1000&height=1250&crop=top,queued
ig-soleil-sun-pendant-necklace-1,2026-10-05 17:00:00,soleil-sun-pendant-necklace,"A little sun pendant on a gold tone chain with colorful beads.

Soleil Sun Pendant Necklace. Under $20.
Shop it through the link in our bio. Free shipping over $35.

Keep nature close.

#amiees #sunnecklace #sunpendantnecklace #celestialnecklace #celestialjewelry #moonandstars #naturejewelry",https://cdn.shopify.com/s/files/1/0677/3201/3371/files/soleil-sun-pendant-necklace-gold-tone-multicolor-editorial.jpg?width=1000&height=1250&crop=center | https://cdn.shopify.com/s/files/1/0677/3201/3371/files/soleil-sun-pendant-necklace-gold-tone-multicolor-image-only.jpg?width=1000&height=1250&crop=center | https://cdn.shopify.com/s/files/1/0677/3201/3371/files/soleil-sun-pendant-necklace-gold-tone-multicolor-sand.jpg?width=1000&height=1250&crop=center,queued
ig-bee-honeycomb-mismatched-earrings-1,2026-10-07 17:00:00,bee-honeycomb-mismatched-earrings,"A bee on one ear and its honeycomb on the other.

Bee and Honeycomb Earrings. Under $20.
Shop it through the link in our bio. Free shipping over $35.

Keep nature close.

#amiees #beeearrings #honeycombearrings #mismatchedearrings #naturejewelry #animaljewelry #whimsicaljewelry",https://cdn.shopify.com/s/files/1/0677/3201/3371/files/bee-honeycomb-mismatched-earrings-editorial.jpg?width=1000&height=1250&crop=center | https://cdn.shopify.com/s/files/1/0677/3201/3371/files/bee-honeycomb-mismatched-earrings-linen.jpg?width=1000&height=1250&crop=center | https://cdn.shopify.com/s/files/1/0677/3201/3371/files/bee-honeycomb-mismatched-earrings-text.jpg?width=1000&height=1250&crop=top,queued
ig-aiko-cat-heart-earrings-1,2026-10-09 17:00:00,aiko-cat-heart-earrings,"A little cat sitting inside an open heart.

Aiko Cat Heart Earrings, in black and white. Under $20.
Shop it through the link in our bio. Free shipping over $35.

Keep nature close.

#amiees #catearrings #catheartearrings #blackcatearrings #catjewelry #catlovergifts #catmom",https://cdn.shopify.com/s/files/1/0677/3201/3371/files/aiko-cat-heart-earrings-black-cat-editorial-close-up-24405f9faf2e754a.jpg?width=1000&height=1250&crop=center | https://cdn.shopify.com/s/files/1/0677/3201/3371/files/aiko-cat-heart-earrings-white-cat-editorial-close-up-10d3a2bb57c5eef7.jpg?width=1000&height=1250&crop=center | https://cdn.shopify.com/s/files/1/0677/3201/3371/files/aiko-cat-heart-earrings-black-cat-pale-limestone-scene-7dcb12761a9b9360.jpg?width=1000&height=1250&crop=center | https://cdn.shopify.com/s/files/1/0677/3201/3371/files/aiko-cat-heart-earrings-white-cat-pale-limestone-scene-d1059534f0b5e9fd.jpg?width=1000&height=1250&crop=bottom | https://cdn.shopify.com/s/files/1/0677/3201/3371/files/aiko-cat-heart-earrings-black-cat-text-overlay-55938c089574d273.jpg?width=1000&height=1250&crop=bottom | https://cdn.shopify.com/s/files/1/0677/3201/3371/files/aiko-cat-heart-earrings-white-cat-text-overlay-497020133eb50b17.jpg?width=1000&height=1250&crop=bottom,queued
ig-tropical-monstera-leaf-huggie-earrings-1,2026-10-11 17:00:00,tropical-monstera-leaf-huggie-earrings,"Enamel monstera leaves on gold tone huggies, a small gift for plant lovers.

Tropical Monstera Leaf Huggie Earrings, in monochrome, blue, rainbow, and purple. Under $25.
Shop it through the link in our bio. Free shipping over $35.

Keep nature close.

#amiees #leafearrings #monsteraleafearrings #goldleafearrings #botanicaljewelry #flowerjewelry #naturejewelry",https://cdn.shopify.com/s/files/1/0677/3201/3371/files/tropical-monstera-leaf-huggie-earrings-black-white-editorial.jpg?width=1000&height=1250&crop=center | https://cdn.shopify.com/s/files/1/0677/3201/3371/files/tropical-monstera-leaf-huggie-earrings-blue-green-editorial.jpg?width=1000&height=1250&crop=center | https://cdn.shopify.com/s/files/1/0677/3201/3371/files/tropical-monstera-leaf-huggie-earrings-multicolor-editorial.jpg?width=1000&height=1250&crop=center | https://cdn.shopify.com/s/files/1/0677/3201/3371/files/tropical-monstera-leaf-huggie-earrings-purple-green-editorial.jpg?width=1000&height=1250&crop=center | https://cdn.shopify.com/s/files/1/0677/3201/3371/files/tropical-monstera-leaf-huggie-earrings-black-white-image-only.jpg?width=1000&height=1250&crop=center | https://cdn.shopify.com/s/files/1/0677/3201/3371/files/tropical-monstera-leaf-huggie-earrings-blue-green-image-only.jpg?width=1000&height=1250&crop=center | https://cdn.shopify.com/s/files/1/0677/3201/3371/files/tropical-monstera-leaf-huggie-earrings-multicolor-image-only.jpg?width=1000&height=1250&crop=center | https://cdn.shopify.com/s/files/1/0677/3201/3371/files/tropical-monstera-leaf-huggie-earrings-purple-green-image-only.jpg?width=1000&height=1250&crop=bottom | https://cdn.shopify.com/s/files/1/0677/3201/3371/files/tropical-monstera-leaf-huggie-earrings-multicolor-limestone.jpg?width=1000&height=1250&crop=center,queued
ig-sun-moon-layered-necklace-1,2026-10-12 17:00:00,sun-moon-layered-necklace,"A crescent moon and an open sun on two layered chains, worn as one piece.

Sun & Moon Layered Necklace, in gold tone and silver tone. Under $25.
Shop it through the link in our bio. Free shipping over $35.

Keep nature close.

#amiees #sunandmoonnecklace #celestialnecklace #daintylayerednecklace #celestialjewelry #moonandstars #naturejewelry",https://cdn.shopify.com/s/files/1/0677/3201/3371/files/sun-moon-layered-necklace-gold-editorial.jpg?width=1000&height=1250&crop=center | https://cdn.shopify.com/s/files/1/0677/3201/3371/files/sun-moon-layered-necklace-silver-editorial.jpg?width=1000&height=1250&crop=center | https://cdn.shopify.com/s/files/1/0677/3201/3371/files/sun-moon-layered-necklace-gold-image-only.jpg?width=1000&height=1250&crop=center | https://cdn.shopify.com/s/files/1/0677/3201/3371/files/sun-moon-layered-necklace-silver-image-only.jpg?width=1000&height=1250&crop=center | https://cdn.shopify.com/s/files/1/0677/3201/3371/files/sun-moon-layered-necklace-gold-sand.jpg?width=1000&height=1250&crop=center,queued
ig-butterfly-choker-necklace-1,2026-10-14 17:00:00,butterfly-choker-necklace,"Silver butterflies on a looped chain with a star drop.

Butterfly Choker Necklace, silver tone. Under $20.
Shop it through the link in our bio. Free shipping over $35.

Keep nature close.

#amiees #butterflynecklace #butterflychoker #layeredchainchoker #naturejewelry #animaljewelry #whimsicaljewelry",https://cdn.shopify.com/s/files/1/0677/3201/3371/files/butterfly-choker-necklace-silver-editorial.jpg?width=1000&height=1250&crop=center | https://cdn.shopify.com/s/files/1/0677/3201/3371/files/butterfly-choker-necklace-silver-ivory.jpg?width=1000&height=1250&crop=center | https://cdn.shopify.com/s/files/1/0677/3201/3371/files/butterfly-choker-necklace-silver-text.jpg?width=1000&height=1250&crop=top,queued
ig-cat-lover-set-1,2026-10-16 17:00:00,cat-lover-set,"Cat and fish earrings with a sleek kitty ring, ready to give.

Cat Lover Set, silver tone. Under $40.
Shop it through the link in our bio. Free shipping over $35.

Keep nature close.

#amiees #catlovergifts #giftsforcatlovers #catjewelryset #catjewelry #catmom",https://cdn.shopify.com/s/files/1/0677/3201/3371/files/cat-lover-set-silver-dish.jpg?width=1000&height=1250&crop=center | https://cdn.shopify.com/s/files/1/0677/3201/3371/files/cat-lover-set-silver-editorial.jpg?width=1000&height=1250&crop=center | https://cdn.shopify.com/s/files/1/0677/3201/3371/files/cat-lover-set-silver-text.jpg?width=1000&height=1250&crop=top,queued
ig-crystal-blossom-jewelry-set-1,2026-10-18 17:00:00,crystal-blossom-jewelry-set,"The blossom necklace and matching studs together, ready to give.

Crystal Blossom Jewelry Set, in pink and purple. Under $40.
Shop it through the link in our bio. Free shipping over $35.

Keep nature close.

#amiees #jewelrygiftset #matchingjewelryset #flowerjewelryset #botanicaljewelry #flowerjewelry #naturejewelry",https://cdn.shopify.com/s/files/1/0677/3201/3371/files/crystal-blossom-jewelry-set-pink-editorial.jpg?width=1000&height=1250&crop=center | https://cdn.shopify.com/s/files/1/0677/3201/3371/files/crystal-blossom-jewelry-set-purple-editorial.jpg?width=1000&height=1250&crop=center | https://cdn.shopify.com/s/files/1/0677/3201/3371/files/crystal-blossom-jewelry-set-pink-linen.jpg?width=1000&height=1250&crop=center | https://cdn.shopify.com/s/files/1/0677/3201/3371/files/crystal-blossom-jewelry-set-purple-linen.jpg?width=1000&height=1250&crop=center | https://cdn.shopify.com/s/files/1/0677/3201/3371/files/crystal-blossom-jewelry-set-pink-text.jpg?width=1000&height=1250&crop=top | https://cdn.shopify.com/s/files/1/0677/3201/3371/files/crystal-blossom-jewelry-set-purple-text.jpg?width=1000&height=1250&crop=top,queued
ig-celestial-gold-huggie-earrings-moon-star-duo-1,2026-10-19 17:00:00,celestial-gold-huggie-earrings-moon-star-duo,"A crescent moon and a star, each hanging from a gold tone huggie.

Moon & Star Huggie Earrings, gold tone. Under $30.
Shop it through the link in our bio. Free shipping over $35.

Keep nature close.

#amiees #moonandstarearrings #goldhuggieearrings #nightskyjewelry #celestialjewelry #moonandstars #naturejewelry",https://cdn.shopify.com/s/files/1/0677/3201/3371/files/celestial-gold-huggie-earrings-moon-star-duo-gold-editorial.jpg?width=1000&height=1250&crop=center | https://cdn.shopify.com/s/files/1/0677/3201/3371/files/celestial-gold-huggie-earrings-moon-star-duo-gold-marble-side-by-side.jpg?width=1000&height=1250&crop=center | https://cdn.shopify.com/s/files/1/0677/3201/3371/files/celestial-gold-huggie-earrings-moon-star-duo-gold-sand.jpg?width=1000&height=1250&crop=center | https://cdn.shopify.com/s/files/1/0677/3201/3371/files/celestial-gold-huggie-earrings-moon-star-duo-gold-text.jpg?width=1000&height=1250&crop=top,queued
ig-crystal-blossom-pendant-necklace-1,2026-10-21 17:00:00,crystal-blossom-pendant-necklace,"A five petal blossom pendant with a single crystal at its heart.

Crystal Blossom Pendant Necklace, in pink and purple. Under $25.
Shop it through the link in our bio. Free shipping over $35.

Keep nature close.

#amiees #flowernecklace #cherryblossomnecklace #daintysilvernecklace #botanicaljewelry #flowerjewelry #naturejewelry",https://cdn.shopify.com/s/files/1/0677/3201/3371/files/crystal-blossom-pendant-necklace-pink-editorial.jpg?width=1000&height=1250&crop=center | https://cdn.shopify.com/s/files/1/0677/3201/3371/files/crystal-blossom-pendant-necklace-purple-editorial.jpg?width=1000&height=1250&crop=center | https://cdn.shopify.com/s/files/1/0677/3201/3371/files/crystal-blossom-pendant-necklace-pink-linen.jpg?width=1000&height=1250&crop=center | https://cdn.shopify.com/s/files/1/0677/3201/3371/files/crystal-blossom-pendant-necklace-purple-linen.jpg?width=1000&height=1250&crop=center | https://cdn.shopify.com/s/files/1/0677/3201/3371/files/crystal-blossom-pendant-necklace-pink-text.jpg?width=1000&height=1250&crop=top | https://cdn.shopify.com/s/files/1/0677/3201/3371/files/crystal-blossom-pendant-necklace-purple-text.jpg?width=1000&height=1250&crop=top,queued
ig-dolphin-dreams-ring-1,2026-10-23 17:00:00,dolphin-dreams-ring,"Two dolphins circling an open band.

Dolphin Dreams Ring, silver tone. Under $25.
Shop it through the link in our bio. Free shipping over $35.

Keep nature close.

#amiees #dolphinring #oceanring #silverdolphinring #naturejewelry #animaljewelry #whimsicaljewelry",https://cdn.shopify.com/s/files/1/0677/3201/3371/files/dolphin-dreams-ring-silver-dish.jpg?width=1000&height=1250&crop=bottom | https://cdn.shopify.com/s/files/1/0677/3201/3371/files/dolphin-dreams-ring-silver-editorial.jpg?width=1000&height=1250&crop=center | https://cdn.shopify.com/s/files/1/0677/3201/3371/files/dolphin-dreams-ring-silver-text.jpg?width=1000&height=1250&crop=top,queued
ig-dangling-cat-earrings-1,2026-10-25 17:00:00,dangling-cat-earrings,"Enamel cats that hang on by their paws.

Dangling Cat Earrings, in tuxedo, gray and white, and orange tabby. Under $20.
Shop it through the link in our bio. Free shipping over $35.

Keep nature close.

#amiees #catearrings #cutecatearrings #goldcatearrings #catjewelry #catlovergifts #catmom",https://cdn.shopify.com/s/files/1/0677/3201/3371/files/dangling-cat-earrings-black-white-dish.jpg?width=1000&height=1250&crop=center | https://cdn.shopify.com/s/files/1/0677/3201/3371/files/dangling-cat-earrings-gray-dish.jpg?width=1000&height=1250&crop=bottom | https://cdn.shopify.com/s/files/1/0677/3201/3371/files/dangling-cat-earrings-tan-dish.jpg?width=1000&height=1250&crop=bottom | https://cdn.shopify.com/s/files/1/0677/3201/3371/files/dangling-cat-earrings-black-white-editorial.jpg?width=1000&height=1250&crop=center | https://cdn.shopify.com/s/files/1/0677/3201/3371/files/dangling-cat-earrings-gray-editorial.jpg?width=1000&height=1250&crop=center | https://cdn.shopify.com/s/files/1/0677/3201/3371/files/dangling-cat-earrings-tan-editorial.jpg?width=1000&height=1250&crop=center | https://cdn.shopify.com/s/files/1/0677/3201/3371/files/dangling-cat-earrings-black-white-text.jpg?width=1000&height=1250&crop=top | https://cdn.shopify.com/s/files/1/0677/3201/3371/files/dangling-cat-earrings-gray-text.jpg?width=1000&height=1250&crop=top | https://cdn.shopify.com/s/files/1/0677/3201/3371/files/dangling-cat-earrings-tan-text.jpg?width=1000&height=1250&crop=top,queued
ig-crystal-blossom-stud-earrings-1,2026-10-26 17:00:00,crystal-blossom-stud-earrings,"Blossom studs with a crystal center, small enough to wear every day.

Crystal Blossom Stud Earrings, in pink and purple. Under $20.
Shop it through the link in our bio. Free shipping over $35.

Keep nature close.

#amiees #flowerstudearrings #floralearrings #cherryblossomearrings #botanicaljewelry #flowerjewelry #naturejewelry",https://cdn.shopify.com/s/files/1/0677/3201/3371/files/crystal-blossom-stud-earrings-pink-editorial.jpg?width=1000&height=1250&crop=center | https://cdn.shopify.com/s/files/1/0677/3201/3371/files/crystal-blossom-stud-earrings-purple-editorial.jpg?width=1000&height=1250&crop=center | https://cdn.shopify.com/s/files/1/0677/3201/3371/files/crystal-blossom-stud-earrings-pink-linen.jpg?width=1000&height=1250&crop=center | https://cdn.shopify.com/s/files/1/0677/3201/3371/files/crystal-blossom-stud-earrings-purple-linen.jpg?width=1000&height=1250&crop=center | https://cdn.shopify.com/s/files/1/0677/3201/3371/files/crystal-blossom-stud-earrings-pink-text.jpg?width=1000&height=1250&crop=top | https://cdn.shopify.com/s/files/1/0677/3201/3371/files/crystal-blossom-stud-earrings-purple-text.jpg?width=1000&height=1250&crop=top,queued
ig-celestial-rainbow-dome-huggie-earrings-1,2026-10-28 17:00:00,celestial-rainbow-dome-huggie-earrings,"Rounded gold tone domes set with tiny rainbow stones and stars.

Celestial Rainbow Dome Huggies, gold tone. Under $30.
Shop it through the link in our bio. Free shipping over $35.

Keep nature close.

#amiees #rainbowhuggieearrings #chunkygoldhuggies #celestialearrings #celestialjewelry #moonandstars #naturejewelry",https://cdn.shopify.com/s/files/1/0677/3201/3371/files/celestial-rainbow-dome-huggie-earrings-gold-editorial.jpg?width=1000&height=1250&crop=center | https://cdn.shopify.com/s/files/1/0677/3201/3371/files/celestial-rainbow-dome-huggie-earrings-gold-sand.jpg?width=1000&height=1250&crop=center | https://cdn.shopify.com/s/files/1/0677/3201/3371/files/celestial-rainbow-dome-huggie-earrings-gold-text.jpg?width=1000&height=1250&crop=top,queued
ig-fancy-bee-earrings-1,2026-10-30 17:00:00,fancy-bee-earrings,"Yellow enamel bumble bees with a pearl, on gold tone hooks.

Fancy Bee Earrings. Under $20.
Shop it through the link in our bio. Free shipping over $35.

Keep nature close.

#amiees #beeearrings #cutebeeearrings #bumblebeeearrings #naturejewelry #animaljewelry #whimsicaljewelry",https://cdn.shopify.com/s/files/1/0677/3201/3371/files/fancy-bee-earrings-yellow-black-editorial.jpg?width=1000&height=1250&crop=center | https://cdn.shopify.com/s/files/1/0677/3201/3371/files/fancy-bee-earrings-yellow-black-linen.jpg?width=1000&height=1250&crop=center | https://cdn.shopify.com/s/files/1/0677/3201/3371/files/fancy-bee-earrings-yellow-black-text.jpg?width=1000&height=1250&crop=top,queued
ig-dangling-cat-silver-necklace-1,2026-11-01 17:00:00,dangling-cat-silver-necklace,"An enamel cat hanging from a silver tone chain.

Dangling Cat Silver Necklace, in tuxedo, gray and white, Siamese, calico, and orange tabby. Under $20.
Shop it through the link in our bio. Free shipping over $35.

Keep nature close.

#amiees #catnecklace #silvercatnecklace #cutecatnecklace #catjewelry #catlovergifts #catmom",https://cdn.shopify.com/s/files/1/0677/3201/3371/files/dangling-cat-silver-necklace-black-white-dish.jpg?width=1000&height=1250&crop=center | https://cdn.shopify.com/s/files/1/0677/3201/3371/files/dangling-cat-silver-necklace-gray-dish.jpg?width=1000&height=1250&crop=center | https://cdn.shopify.com/s/files/1/0677/3201/3371/files/dangling-cat-silver-necklace-white-gray-dish.jpg?width=1000&height=1250&crop=center | https://cdn.shopify.com/s/files/1/0677/3201/3371/files/dangling-cat-silver-necklace-calico-editorial.jpg?width=1000&height=1250&crop=center | https://cdn.shopify.com/s/files/1/0677/3201/3371/files/dangling-cat-silver-necklace-tan-editorial.jpg?width=1000&height=1250&crop=center | https://cdn.shopify.com/s/files/1/0677/3201/3371/files/dangling-cat-silver-necklace-black-white-text.jpg?width=1000&height=1250&crop=top | https://cdn.shopify.com/s/files/1/0677/3201/3371/files/dangling-cat-silver-necklace-gray-text.jpg?width=1000&height=1250&crop=top | https://cdn.shopify.com/s/files/1/0677/3201/3371/files/dangling-cat-silver-necklace-white-gray-text.jpg?width=1000&height=1250&crop=top,queued
ig-daisy-petal-ring-1,2026-11-02 17:00:00,daisy-petal-ring,"White enamel daisy petals wrapped around an open band.

Daisy Petal Ring. Under $25.
Shop it through the link in our bio. Free shipping over $35.

Keep nature close.

#amiees #daisyring #whiteflowerring #statementflowerring #botanicaljewelry #flowerjewelry #naturejewelry",https://cdn.shopify.com/s/files/1/0677/3201/3371/files/daisy-petal-ring-gold-white-editorial.jpg?width=1000&height=1250&crop=center | https://cdn.shopify.com/s/files/1/0677/3201/3371/files/daisy-petal-ring-gold-white-linen.jpg?width=1000&height=1250&crop=center | https://cdn.shopify.com/s/files/1/0677/3201/3371/files/daisy-petal-ring-gold-white-text.jpg?width=1000&height=1250&crop=top,queued
ig-celestial-set-1,2026-11-04 17:00:00,celestial-set,"Star and moon earrings with a sun and moon ring, in gold tone or silver tone.

Celestial Set, in gold tone and silver tone. Under $40.
Shop it through the link in our bio. Free shipping over $35.

Keep nature close.

#amiees #celestialjewelry #moonandstarjewelry #celestialjewelryset #moonandstars #naturejewelry",https://cdn.shopify.com/s/files/1/0677/3201/3371/files/celestial-set-gold-editorial.jpg?width=1000&height=1250&crop=center | https://cdn.shopify.com/s/files/1/0677/3201/3371/files/celestial-set-silver-editorial.jpg?width=1000&height=1250&crop=bottom | https://cdn.shopify.com/s/files/1/0677/3201/3371/files/celestial-set-gold-sand.jpg?width=1000&height=1250&crop=center | https://cdn.shopify.com/s/files/1/0677/3201/3371/files/celestial-set-silver-linen.jpg?width=1000&height=1250&crop=center | https://cdn.shopify.com/s/files/1/0677/3201/3371/files/celestial-set-silver-sand.jpg?width=1000&height=1250&crop=center | https://cdn.shopify.com/s/files/1/0677/3201/3371/files/celestial-set-gold-text.jpg?width=1000&height=1250&crop=top | https://cdn.shopify.com/s/files/1/0677/3201/3371/files/celestial-set-silver-text.jpg?width=1000&height=1250&crop=top,queued
ig-daisy-ring-1,2026-11-06 17:00:00,daisy-ring,"An open daisy ring with a little leaf, adjustable to fit.

Daisy Ring, silver tone. Under $25.
Shop it through the link in our bio. Free shipping over $35.

Keep nature close.

#amiees #daisyring #flowerring #silverdaisyring #botanicaljewelry #flowerjewelry #naturejewelry",https://cdn.shopify.com/s/files/1/0677/3201/3371/files/daisy-ring-silver-editorial.jpg?width=1000&height=1250&crop=center | https://cdn.shopify.com/s/files/1/0677/3201/3371/files/daisy-ring-silver-linen.jpg?width=1000&height=1250&crop=center | https://cdn.shopify.com/s/files/1/0677/3201/3371/files/daisy-ring-silver-text.jpg?width=1000&height=1250&crop=top,queued
ig-golden-bee-huggie-earrings-1,2026-11-08 17:00:00,golden-bee-huggie-earrings,"Enamel winged bees with a pearl charm on gold tone huggies.

Golden Bee Huggie Earrings. Under $30.
Shop it through the link in our bio. Free shipping over $35.

Keep nature close.

#amiees #beeearrings #goldbeeearrings #beehuggieearrings #naturejewelry #animaljewelry #whimsicaljewelry",https://cdn.shopify.com/s/files/1/0677/3201/3371/files/golden-bee-huggie-earrings-gold-tone-green-editorial.jpg?width=1000&height=1250&crop=center | https://cdn.shopify.com/s/files/1/0677/3201/3371/files/golden-bee-huggie-earrings-gold-tone-green-linen.jpg?width=1000&height=1250&crop=center | https://cdn.shopify.com/s/files/1/0677/3201/3371/files/golden-bee-huggie-earrings-gold-tone-green-text.jpg?width=1000&height=1250&crop=top,queued
ig-flower-kitty-earrings-1,2026-11-09 17:00:00,flower-kitty-earrings,"Enamel cats covered in daisies and leaves.

Flower Kitty Earrings, in black and white. Under $20.
Shop it through the link in our bio. Free shipping over $35.

Keep nature close.

#amiees #catearrings #flowercatearrings #cutecatearrings #catjewelry #catlovergifts #catmom",https://cdn.shopify.com/s/files/1/0677/3201/3371/files/flower-kitty-earrings-black-dish.jpg?width=1000&height=1250&crop=center | https://cdn.shopify.com/s/files/1/0677/3201/3371/files/flower-kitty-earrings-white-editorial.jpg?width=1000&height=1250&crop=center | https://cdn.shopify.com/s/files/1/0677/3201/3371/files/flower-kitty-earrings-black-editorial.jpg?width=1000&height=1250&crop=center | https://cdn.shopify.com/s/files/1/0677/3201/3371/files/flower-kitty-earrings-black-text.jpg?width=1000&height=1250&crop=top | https://cdn.shopify.com/s/files/1/0677/3201/3371/files/flower-kitty-earrings-white-text.jpg?width=1000&height=1250&crop=top,queued
ig-golden-center-daisy-ring-silver-flower-statement-ring-1,2026-11-11 17:00:00,golden-center-daisy-ring-silver-flower-statement-ring,"An outlined daisy with a textured golden center, a ring that gets noticed.

Golden Center Daisy Ring. Under $25.
Shop it through the link in our bio. Free shipping over $35.

Keep nature close.

#amiees #flowerstatementring #silverflowerring #daisyring #botanicaljewelry #flowerjewelry #naturejewelry",https://cdn.shopify.com/s/files/1/0677/3201/3371/files/golden-center-daisy-ring-silver-flower-statement-ring-silver-gold-editorial.jpg?width=1000&height=1250&crop=center | https://cdn.shopify.com/s/files/1/0677/3201/3371/files/golden-center-daisy-ring-silver-flower-statement-ring-silver-gold-linen.jpg?width=1000&height=1250&crop=center | https://cdn.shopify.com/s/files/1/0677/3201/3371/files/golden-center-daisy-ring-silver-flower-statement-ring-silver-gold-text.jpg?width=1000&height=1250&crop=top,queued
ig-celestial-star-earrings-1,2026-11-13 17:00:00,celestial-star-earrings,"A star on one ear and a crescent moon on the other.

Celestial Star Earrings, in gold tone and silver tone. Under $25.
Shop it through the link in our bio. Free shipping over $35.

Keep nature close.

#amiees #starearrings #moonandstarearrings #celestialearrings #celestialjewelry #moonandstars #naturejewelry",https://cdn.shopify.com/s/files/1/0677/3201/3371/files/celestial-star-earrings-gold-editorial.jpg?width=1000&height=1250&crop=center | https://cdn.shopify.com/s/files/1/0677/3201/3371/files/celestial-star-earrings-silver-editorial.jpg?width=1000&height=1250&crop=center | https://cdn.shopify.com/s/files/1/0677/3201/3371/files/celestial-star-earrings-gold-sand.jpg?width=1000&height=1250&crop=center | https://cdn.shopify.com/s/files/1/0677/3201/3371/files/celestial-star-earrings-silver-sand.jpg?width=1000&height=1250&crop=center | https://cdn.shopify.com/s/files/1/0677/3201/3371/files/celestial-star-earrings-gold-text.jpg?width=1000&height=1250&crop=top | https://cdn.shopify.com/s/files/1/0677/3201/3371/files/celestial-star-earrings-silver-text.jpg?width=1000&height=1250&crop=top,queued
ig-honeybee-charm-gold-huggie-earrings-1,2026-11-15 17:00:00,honeybee-charm-gold-huggie-earrings,"Gold tone bees carrying a champagne crystal, hanging from huggies.

Honeybee Charm Huggie Earrings, gold tone. Under $30.
Shop it through the link in our bio. Free shipping over $35.

Keep nature close.

#amiees #beeearrings #honeybeeearrings #goldhuggieearrings #naturejewelry #animaljewelry #whimsicaljewelry",https://cdn.shopify.com/s/files/1/0677/3201/3371/files/honeybee-charm-gold-huggie-earrings-gold-editorial.jpg?width=1000&height=1250&crop=center | https://cdn.shopify.com/s/files/1/0677/3201/3371/files/honeybee-charm-gold-huggie-earrings-gold-linen.jpg?width=1000&height=1250&crop=center | https://cdn.shopify.com/s/files/1/0677/3201/3371/files/honeybee-charm-gold-huggie-earrings-gold-text.jpg?width=1000&height=1250&crop=top,queued
ig-gold-dangling-cat-necklace-1,2026-11-16 17:00:00,gold-dangling-cat-necklace,"An enamel cat hanging from a gold tone chain.

Gold Dangling Cat Necklace, in tuxedo, gray and white, and Siamese. Under $20.
Shop it through the link in our bio. Free shipping over $35.

Keep nature close.

#amiees #catnecklace #goldcatnecklace #cutecatnecklace #catjewelry #catlovergifts #catmom",https://cdn.shopify.com/s/files/1/0677/3201/3371/files/gold-dangling-cat-necklace-black-white-editorial.jpg?width=1000&height=1250&crop=center | https://cdn.shopify.com/s/files/1/0677/3201/3371/files/gold-dangling-cat-necklace-gray-editorial.jpg?width=1000&height=1250&crop=center | https://cdn.shopify.com/s/files/1/0677/3201/3371/files/gold-dangling-cat-necklace-white-gray-editorial.jpg?width=1000&height=1250&crop=center | https://cdn.shopify.com/s/files/1/0677/3201/3371/files/gold-dangling-cat-necklace-black-white-text.jpg?width=1000&height=1250&crop=top | https://cdn.shopify.com/s/files/1/0677/3201/3371/files/gold-dangling-cat-necklace-gray-text.jpg?width=1000&height=1250&crop=top | https://cdn.shopify.com/s/files/1/0677/3201/3371/files/gold-dangling-cat-necklace-white-gray-text.jpg?width=1000&height=1250&crop=top,queued
ig-radiant-bloom-flower-earrings-1,2026-11-18 17:00:00,radiant-bloom-flower-earrings,"Crystal daisy studs with a gold tone center that catch the light.

Radiant Bloom Flower Earrings. Under $25.
Shop it through the link in our bio. Free shipping over $35.

Keep nature close.

#amiees #flowerearrings #daisystudearrings #floralearrings #botanicaljewelry #flowerjewelry #naturejewelry",https://cdn.shopify.com/s/files/1/0677/3201/3371/files/radiant-bloom-flower-earrings-gold-clear-editorial.jpg?width=1000&height=1250&crop=center | https://cdn.shopify.com/s/files/1/0677/3201/3371/files/radiant-bloom-flower-earrings-gold-clear-linen.jpg?width=1000&height=1250&crop=center | https://cdn.shopify.com/s/files/1/0677/3201/3371/files/radiant-bloom-flower-earrings-gold-clear-text.jpg?width=1000&height=1250&crop=top,queued
ig-celestial-sun-and-moon-ring-1,2026-11-20 17:00:00,celestial-sun-and-moon-ring,"Suns and moon phases cut through a simple band.

Celestial Sun and Moon Ring, in gold tone and silver tone. Under $20.
Shop it through the link in our bio. Free shipping over $35.

Keep nature close.

#amiees #sunandmoonring #celestialring #moonphasering #celestialjewelry #moonandstars #naturejewelry",https://cdn.shopify.com/s/files/1/0677/3201/3371/files/celestial-sun-and-moon-ring-gold-editorial.jpg?width=1000&height=1250&crop=center | https://cdn.shopify.com/s/files/1/0677/3201/3371/files/celestial-sun-and-moon-ring-silver-editorial.jpg?width=1000&height=1250&crop=center | https://cdn.shopify.com/s/files/1/0677/3201/3371/files/celestial-sun-and-moon-ring-gold-sand.jpg?width=1000&height=1250&crop=center | https://cdn.shopify.com/s/files/1/0677/3201/3371/files/celestial-sun-and-moon-ring-silver-sand.jpg?width=1000&height=1250&crop=center | https://cdn.shopify.com/s/files/1/0677/3201/3371/files/celestial-sun-and-moon-ring-gold-text.jpg?width=1000&height=1250&crop=top | https://cdn.shopify.com/s/files/1/0677/3201/3371/files/celestial-sun-and-moon-ring-silver-text.jpg?width=1000&height=1250&crop=top,queued
ig-ring-of-daisies-1,2026-11-22 17:00:00,ring-of-daisies,"A band of little white daisies, like a daisy chain you can keep.

Ring of Daisies. Under $25.
Shop it through the link in our bio. Free shipping over $35.

Keep nature close.

#amiees #daisyring #daisychainring #flowerbandring #botanicaljewelry #flowerjewelry #naturejewelry",https://cdn.shopify.com/s/files/1/0677/3201/3371/files/ring-of-daisies-silver-tone-white-editorial.jpg?width=1000&height=1250&crop=center | https://cdn.shopify.com/s/files/1/0677/3201/3371/files/ring-of-daisies-silver-tone-white-ivory.jpg?width=1000&height=1250&crop=center | https://cdn.shopify.com/s/files/1/0677/3201/3371/files/ring-of-daisies-silver-tone-white-text.jpg?width=1000&height=1250&crop=top,queued
ig-lucky-ladybug-gold-huggie-earrings-1,2026-11-23 17:00:00,lucky-ladybug-gold-huggie-earrings,"Red enamel ladybugs on gold tone huggies, a little luck to wear.

Lucky Ladybug Huggie Earrings. Under $30.
Shop it through the link in our bio. Free shipping over $35.

Keep nature close.

#amiees #ladybugearrings #luckycharmearrings #redandgoldearrings #naturejewelry #animaljewelry #whimsicaljewelry",https://cdn.shopify.com/s/files/1/0677/3201/3371/files/lucky-ladybug-gold-huggie-earrings-red-gold-dish.jpg?width=1000&height=1250&crop=center | https://cdn.shopify.com/s/files/1/0677/3201/3371/files/lucky-ladybug-gold-huggie-earrings-red-gold-editorial.jpg?width=1000&height=1250&crop=center | https://cdn.shopify.com/s/files/1/0677/3201/3371/files/lucky-ladybug-gold-huggie-earrings-red-gold-text.jpg?width=1000&height=1250&crop=top,queued
ig-hanging-kitty-necklace-1,2026-11-25 17:00:00,hanging-kitty-necklace,"A minimalist brushed silver cat hanging from a fine chain.

Hanging Kitty Necklace, silver tone. Under $25.
Shop it through the link in our bio. Free shipping over $35.

Keep nature close.

#amiees #catnecklace #minimalistcatnecklace #silvercatnecklace #catjewelry #catlovergifts #catmom",https://cdn.shopify.com/s/files/1/0677/3201/3371/files/hanging-kitty-necklace-silver-dish.jpg?width=1000&height=1250&crop=center | https://cdn.shopify.com/s/files/1/0677/3201/3371/files/hanging-kitty-necklace-silver-editorial.jpg?width=1000&height=1250&crop=center | https://cdn.shopify.com/s/files/1/0677/3201/3371/files/hanging-kitty-necklace-silver-text.jpg?width=1000&height=1250&crop=top,queued
ig-silver-flower-ear-jacket-earrings-1,2026-11-27 17:00:00,silver-flower-ear-jacket-earrings,"A tiny flower in front and a ball behind the lobe, worn two ways.

Silver Flower Ear Jacket Earrings, silver tone. Under $20.
Shop it through the link in our bio. Free shipping over $35.

Keep nature close.

#amiees #earjacketearrings #flowerearjacket #silverflowerearrings #botanicaljewelry #flowerjewelry #naturejewelry",https://cdn.shopify.com/s/files/1/0677/3201/3371/files/silver-flower-ear-jacket-earrings-silver-editorial.jpg?width=1000&height=1250&crop=center | https://cdn.shopify.com/s/files/1/0677/3201/3371/files/silver-flower-ear-jacket-earrings-silver-linen.jpg?width=1000&height=1250&crop=center | https://cdn.shopify.com/s/files/1/0677/3201/3371/files/silver-flower-ear-jacket-earrings-silver-text.jpg?width=1000&height=1250&crop=center,queued
ig-rainbow-crystal-stacking-ring-set-1,2026-11-29 17:00:00,rainbow-crystal-stacking-ring-set,"Two slim gold tone bands set with rainbow crystals, made to stack.

Rainbow Crystal Stacking Ring Set. Under $30.
Shop it through the link in our bio. Free shipping over $35.

Keep nature close.

#amiees #stackingrings #rainbowringset #goldstackingringset #celestialjewelry #moonandstars #naturejewelry",https://cdn.shopify.com/s/files/1/0677/3201/3371/files/rainbow-crystal-stacking-ring-set-gold-tone-multicolor-editorial.jpg?width=1000&height=1250&crop=center | https://cdn.shopify.com/s/files/1/0677/3201/3371/files/rainbow-crystal-stacking-ring-set-gold-tone-multicolor-ivory.jpg?width=1000&height=1250&crop=center | https://cdn.shopify.com/s/files/1/0677/3201/3371/files/rainbow-crystal-stacking-ring-set-gold-tone-multicolor-text.jpg?width=1000&height=1250&crop=top,queued
ig-sterling-silver-bee-daisy-earrings-1,2026-11-30 17:00:00,sterling-silver-bee-daisy-earrings,"A bee on one ear and a daisy on the other, in sterling silver.

Sterling Silver Bee & Daisy Earrings, silver tone. Under $25.
Shop it through the link in our bio. Free shipping over $35.

Keep nature close.

#amiees #beeearrings #beeanddaisyearrings #gardenearrings #naturejewelry #animaljewelry #whimsicaljewelry",https://cdn.shopify.com/s/files/1/0677/3201/3371/files/sterling-silver-bee-daisy-earrings-silver-editorial.jpg?width=1000&height=1250&crop=center | https://cdn.shopify.com/s/files/1/0677/3201/3371/files/sterling-silver-bee-daisy-earrings-silver-image-only.jpg?width=1000&height=1250&crop=bottom | https://cdn.shopify.com/s/files/1/0677/3201/3371/files/sterling-silver-bee-daisy-earrings-silver-linen.jpg?width=1000&height=1250&crop=center,queued
ig-harmony-cat-necklace-1,2026-12-02 17:00:00,harmony-cat-necklace,"Two cats that fit together, one necklace for you and one to share.

Harmony Cat Necklace, in black and silver and gold and silver. Under $25.
Shop it through the link in our bio. Free shipping over $35.

Keep nature close.

#amiees #catnecklace #matchingcatnecklaces #friendshipnecklace #catjewelry #catlovergifts #catmom",https://cdn.shopify.com/s/files/1/0677/3201/3371/files/harmony-cat-necklace-black-silver-duo-dish.jpg?width=1000&height=1250&crop=center | https://cdn.shopify.com/s/files/1/0677/3201/3371/files/harmony-cat-necklace-gold-silver-duo-editorial.jpg?width=1000&height=1250&crop=bottom | https://cdn.shopify.com/s/files/1/0677/3201/3371/files/harmony-cat-necklace-black-silver-duo-editorial.jpg?width=1000&height=1250&crop=bottom | https://cdn.shopify.com/s/files/1/0677/3201/3371/files/harmony-cat-necklace-black-silver-duo-text.jpg?width=1000&height=1250&crop=top | https://cdn.shopify.com/s/files/1/0677/3201/3371/files/harmony-cat-necklace-gold-silver-duo-text.jpg?width=1000&height=1250&crop=top,queued
ig-silver-leaf-ring-1,2026-12-04 17:00:00,silver-leaf-ring,"Sparkling leaves that wrap the finger like a vine.

Silver Leaf Ring, silver tone. Under $20.
Shop it through the link in our bio. Free shipping over $35.

Keep nature close.

#amiees #leafring #silverleafring #vinering #botanicaljewelry #flowerjewelry #naturejewelry",https://cdn.shopify.com/s/files/1/0677/3201/3371/files/silver-leaf-ring-silver-ceramic.jpg?width=1000&height=1250&crop=center | https://cdn.shopify.com/s/files/1/0677/3201/3371/files/silver-leaf-ring-silver-editorial.jpg?width=1000&height=1250&crop=center | https://cdn.shopify.com/s/files/1/0677/3201/3371/files/silver-leaf-ring-silver-paper.jpg?width=1000&height=1250&crop=center,queued
ig-raindrop-earrings-1,2026-12-06 17:00:00,raindrop-earrings,"Little clouds trailing glittering raindrops.

Raindrop Earrings, in blue and gold tone. Under $25.
Shop it through the link in our bio. Free shipping over $35.

Keep nature close.

#amiees #raindropearrings #cloudearrings #raincloudearrings #celestialjewelry #moonandstars #naturejewelry",https://cdn.shopify.com/s/files/1/0677/3201/3371/files/raindrop-earrings-blue-editorial.jpg?width=1000&height=1250&crop=center | https://cdn.shopify.com/s/files/1/0677/3201/3371/files/raindrop-earrings-gold-editorial.jpg?width=1000&height=1250&crop=bottom | https://cdn.shopify.com/s/files/1/0677/3201/3371/files/raindrop-earrings-blue-ivory.jpg?width=1000&height=1250&crop=center | https://cdn.shopify.com/s/files/1/0677/3201/3371/files/raindrop-earrings-blue-text.jpg?width=1000&height=1250&crop=top | https://cdn.shopify.com/s/files/1/0677/3201/3371/files/raindrop-earrings-gold-text.jpg?width=1000&height=1250&crop=top,queued
ig-angel-hair-bracelet-1,2026-12-07 17:00:00,angel-hair-bracelet,"A barely there chain bracelet for stacking or wearing alone.

Angel Hair Bracelet, in gold tone and silver tone. Under $20.
Shop it through the link in our bio. Free shipping over $35.

Keep nature close.

#amiees #daintybracelet #everydaybracelet #thinchainbracelet #botanicaljewelry #flowerjewelry #naturejewelry",https://cdn.shopify.com/s/files/1/0677/3201/3371/files/angel-hair-bracelet-gold-tone-editorial-close-up-123ec080d9617ce6.jpg?width=1000&height=1250&crop=bottom | https://cdn.shopify.com/s/files/1/0677/3201/3371/files/angel-hair-bracelet-silver-tone-editorial-close-up-c09de64ec8355671.jpg?width=1000&height=1250&crop=center | https://cdn.shopify.com/s/files/1/0677/3201/3371/files/angel-hair-bracelet-gold-tone-white-marble-scene-4c737e64d37a48ea.jpg?width=1000&height=1250&crop=center | https://cdn.shopify.com/s/files/1/0677/3201/3371/files/angel-hair-bracelet-silver-tone-white-marble-scene-904f1fd0a2210f0f.jpg?width=1000&height=1250&crop=center | https://cdn.shopify.com/s/files/1/0677/3201/3371/files/angel-hair-bracelet-gold-tone-everyday-style-2f3f63064b191960.jpg?width=1000&height=1250&crop=top | https://cdn.shopify.com/s/files/1/0677/3201/3371/files/angel-hair-bracelet-silver-tone-everyday-style-6df063d733fcbd90.jpg?width=1000&height=1250&crop=top,queued
ig-sterling-silver-honeybee-adjustable-ring-1,2026-12-09 17:00:00,sterling-silver-honeybee-adjustable-ring,"A tiny honeybee on an adjustable sterling silver band.

Sterling Silver Honeybee Ring, silver tone. Under $20.
Shop it through the link in our bio. Free shipping over $35.

Keep nature close.

#amiees #beering #honeybeering #silverbeering #naturejewelry #animaljewelry #whimsicaljewelry",https://cdn.shopify.com/s/files/1/0677/3201/3371/files/sterling-silver-honeybee-adjustable-ring-silver-editorial.jpg?width=1000&height=1250&crop=center | https://cdn.shopify.com/s/files/1/0677/3201/3371/files/sterling-silver-honeybee-adjustable-ring-silver-image-only.jpg?width=1000&height=1250&crop=center | https://cdn.shopify.com/s/files/1/0677/3201/3371/files/sterling-silver-honeybee-adjustable-ring-silver-linen.jpg?width=1000&height=1250&crop=center,queued
ig-kitty-stretch-ring-1,2026-12-11 17:00:00,kitty-stretch-ring,"A cat mid stretch, wrapped around your finger.

Kitty Stretch Ring, silver tone. Under $20.
Shop it through the link in our bio. Free shipping over $35.

Keep nature close.

#amiees #catring #stretchingcatring #cutecatring #catjewelry #catlovergifts #catmom",https://cdn.shopify.com/s/files/1/0677/3201/3371/files/kitty-stretch-ring-silver-dish.jpg?width=1000&height=1250&crop=center | https://cdn.shopify.com/s/files/1/0677/3201/3371/files/kitty-stretch-ring-silver-editorial.jpg?width=1000&height=1250&crop=center | https://cdn.shopify.com/s/files/1/0677/3201/3371/files/kitty-stretch-ring-silver-text.jpg?width=1000&height=1250&crop=top,queued
ig-sterling-silver-figaro-chain-necklace-1,2026-12-13 17:00:00,sterling-silver-figaro-chain-necklace,"A classic figaro chain in sterling silver, for layering or wearing alone.

Sterling Silver Figaro Chain Necklace, silver tone. Under $25.
Shop it through the link in our bio. Free shipping over $35.

Keep nature close.

#amiees #figarochainnecklace #silverchainnecklace #everydaynecklace #botanicaljewelry #flowerjewelry #naturejewelry",https://cdn.shopify.com/s/files/1/0677/3201/3371/files/sterling-silver-figaro-chain-necklace-silver-editorial.jpg?width=1000&height=1250&crop=center | https://cdn.shopify.com/s/files/1/0677/3201/3371/files/sterling-silver-figaro-chain-necklace-silver-image-only.jpg?width=1000&height=1250&crop=center | https://cdn.shopify.com/s/files/1/0677/3201/3371/files/sterling-silver-figaro-chain-necklace-silver-marble.jpg?width=1000&height=1250&crop=center,queued
ig-fox-bunny-kitty-earrings-1,2026-12-14 17:00:00,fox-bunny-kitty-earrings,"Enamel fox, bunny and kitty earrings, each sold as its own pair.

Fox, Bunny & Kitty Earrings, in chill bunny, fox, and lunch bag kitty. Under $20.
Shop it through the link in our bio. Free shipping over $35.

Keep nature close.

#amiees #animalearrings #foxearrings #bunnyearrings #naturejewelry #animaljewelry #whimsicaljewelry",https://cdn.shopify.com/s/files/1/0677/3201/3371/files/fox-bunny-kitty-earrings-bunny-editorial.jpg?width=1000&height=1250&crop=center | https://cdn.shopify.com/s/files/1/0677/3201/3371/files/fox-bunny-kitty-earrings-fox-dish.jpg?width=1000&height=1250&crop=center | https://cdn.shopify.com/s/files/1/0677/3201/3371/files/fox-bunny-kitty-earrings-kitty-bag-editorial.jpg?width=1000&height=1250&crop=center | https://cdn.shopify.com/s/files/1/0677/3201/3371/files/fox-bunny-kitty-earrings-fox-editorial.jpg?width=1000&height=1250&crop=center | https://cdn.shopify.com/s/files/1/0677/3201/3371/files/fox-bunny-kitty-earrings-bunny-text.jpg?width=1000&height=1250&crop=top | https://cdn.shopify.com/s/files/1/0677/3201/3371/files/fox-bunny-kitty-earrings-fox-text.jpg?width=1000&height=1250&crop=top | https://cdn.shopify.com/s/files/1/0677/3201/3371/files/fox-bunny-kitty-earrings-kitty-bag-text.jpg?width=1000&height=1250&crop=top,queued
ig-silver-cat-earrings-1,2026-12-16 17:00:00,silver-cat-earrings,"A cat on one ear and its fish on the other.

Silver Cat Earrings, in black and silver tone. Under $20.
Shop it through the link in our bio. Free shipping over $35.

Keep nature close.

#amiees #catearrings #catandfishearrings #silvercatearrings #catjewelry #catlovergifts #catmom",https://cdn.shopify.com/s/files/1/0677/3201/3371/files/silver-cat-earrings-black-editorial.jpg?width=1000&height=1250&crop=center | https://cdn.shopify.com/s/files/1/0677/3201/3371/files/silver-cat-earrings-silver-dish.jpg?width=1000&height=1250&crop=bottom | https://cdn.shopify.com/s/files/1/0677/3201/3371/files/silver-cat-earrings-silver-editorial.jpg?width=1000&height=1250&crop=center | https://cdn.shopify.com/s/files/1/0677/3201/3371/files/silver-cat-earrings-black-text.jpg?width=1000&height=1250&crop=bottom | https://cdn.shopify.com/s/files/1/0677/3201/3371/files/silver-cat-earrings-silver-text.jpg?width=1000&height=1250&crop=top,queued
ig-panda-earrings-1,2026-12-18 17:00:00,panda-earrings,"Round enamel pandas on gold tone hooks.

Panda Earrings, tuxedo. Under $20.
Shop it through the link in our bio. Free shipping over $35.

Keep nature close.

#amiees #pandaearrings #cuteanimalearrings #pandagifts #naturejewelry #animaljewelry #whimsicaljewelry",https://cdn.shopify.com/s/files/1/0677/3201/3371/files/panda-earrings-black-white-dish.jpg?width=1000&height=1250&crop=center | https://cdn.shopify.com/s/files/1/0677/3201/3371/files/panda-earrings-black-white-editorial.jpg?width=1000&height=1250&crop=center | https://cdn.shopify.com/s/files/1/0677/3201/3371/files/panda-earrings-black-white-text.jpg?width=1000&height=1250&crop=top,queued
ig-sleek-kitty-ring-1,2026-12-20 17:00:00,sleek-kitty-ring,"A simple band with two little cat ears.

Sleek Kitty Ring, silver tone. Under $25.
Shop it through the link in our bio. Free shipping over $35.

Keep nature close.

#amiees #catring #catearring #minimalistcatring #catjewelry #catlovergifts #catmom",https://cdn.shopify.com/s/files/1/0677/3201/3371/files/sleek-kitty-ring-silver-dish.jpg?width=1000&height=1250&crop=center | https://cdn.shopify.com/s/files/1/0677/3201/3371/files/sleek-kitty-ring-silver-editorial.jpg?width=1000&height=1250&crop=center | https://cdn.shopify.com/s/files/1/0677/3201/3371/files/sleek-kitty-ring-silver-image-only.jpg?width=1000&height=1250&crop=center,queued
ig-silver-mouse-ring-1,2026-12-21 17:00:00,silver-mouse-ring,"A tiny mouse with its tail wrapped around the band.

Silver Mouse Ring, silver tone. Under $20.
Shop it through the link in our bio. Free shipping over $35.

Keep nature close.

#amiees #mousering #cuteanimalring #silvermousering #naturejewelry #animaljewelry #whimsicaljewelry",https://cdn.shopify.com/s/files/1/0677/3201/3371/files/silver-mouse-ring-silver-dish.jpg?width=1000&height=1250&crop=center | https://cdn.shopify.com/s/files/1/0677/3201/3371/files/silver-mouse-ring-silver-editorial.jpg?width=1000&height=1250&crop=center | https://cdn.shopify.com/s/files/1/0677/3201/3371/files/silver-mouse-ring-silver-image-only.jpg?width=1000&height=1250&crop=center,queued
ig-star-kitty-earrings-1,2026-12-23 17:00:00,star-kitty-earrings,"Enamel cats sprinkled with stars.

Star Kitty Earrings, in black and white. Under $20.
Shop it through the link in our bio. Free shipping over $35.

Keep nature close.

#amiees #catearrings #celestialcatearrings #cutecatearrings #catjewelry #catlovergifts #catmom",https://cdn.shopify.com/s/files/1/0677/3201/3371/files/star-kitty-earrings-black-dish.jpg?width=1000&height=1250&crop=center | https://cdn.shopify.com/s/files/1/0677/3201/3371/files/star-kitty-earrings-white-editorial.jpg?width=1000&height=1250&crop=center | https://cdn.shopify.com/s/files/1/0677/3201/3371/files/star-kitty-earrings-black-editorial.jpg?width=1000&height=1250&crop=center | https://cdn.shopify.com/s/files/1/0677/3201/3371/files/star-kitty-earrings-white-image-only.jpg?width=1000&height=1250&crop=center | https://cdn.shopify.com/s/files/1/0677/3201/3371/files/star-kitty-earrings-black-image-only.jpg?width=1000&height=1250&crop=center,queued
ig-silver-snake-ring-1,2026-12-25 17:00:00,silver-snake-ring,"A sleek silver serpent coiled into an adjustable ring.

Silver Snake Ring, silver tone. Under $25.
Shop it through the link in our bio. Free shipping over $35.

Keep nature close.

#amiees #snakering #silversnakering #serpentring #naturejewelry #animaljewelry #whimsicaljewelry",https://cdn.shopify.com/s/files/1/0677/3201/3371/files/silver-snake-ring-silver-dish.jpg?width=1000&height=1250&crop=center | https://cdn.shopify.com/s/files/1/0677/3201/3371/files/silver-snake-ring-silver-editorial.jpg?width=1000&height=1250&crop=center | https://cdn.shopify.com/s/files/1/0677/3201/3371/files/silver-snake-ring-silver-image-only.jpg?width=1000&height=1250&crop=bottom,queued
ig-wonder-kitty-ring-1,2026-12-27 17:00:00,wonder-kitty-ring,"A curious cat and a curled tail on an open band.

Wonder Kitty Ring, silver tone. Under $25.
Shop it through the link in our bio. Free shipping over $35.

Keep nature close.

#amiees #catring #cutecatring #catringforwomen #catjewelry #catlovergifts #catmom",https://cdn.shopify.com/s/files/1/0677/3201/3371/files/wonder-kitty-ring-silver-dish.jpg?width=1000&height=1250&crop=center | https://cdn.shopify.com/s/files/1/0677/3201/3371/files/wonder-kitty-ring-silver-editorial.jpg?width=1000&height=1250&crop=center | https://cdn.shopify.com/s/files/1/0677/3201/3371/files/wonder-kitty-ring-silver-image-only.jpg?width=1000&height=1250&crop=bottom,queued
ig-sterling-silver-elephant-ring-1,2026-12-28 17:00:00,sterling-silver-elephant-ring,"A parade of elephants walking around a sterling silver band.

Sterling Silver Elephant Ring, silver tone. Under $25.
Shop it through the link in our bio. Free shipping over $35.

Keep nature close.

#amiees #elephantring #silverelephantring #elephantjewelry #naturejewelry #animaljewelry #whimsicaljewelry",https://cdn.shopify.com/s/files/1/0677/3201/3371/files/sterling-silver-elephant-ring-silver-dish.jpg?width=1000&height=1250&crop=bottom | https://cdn.shopify.com/s/files/1/0677/3201/3371/files/sterling-silver-elephant-ring-silver-editorial.jpg?width=1000&height=1250&crop=center | https://cdn.shopify.com/s/files/1/0677/3201/3371/files/sterling-silver-elephant-ring-silver-image-only.jpg?width=1000&height=1250&crop=center,queued
ig-dangling-cat-earrings-2,2026-12-30 17:00:00,dangling-cat-earrings,"Enamel cats that hang on by their paws.

Dangling Cat Earrings, in calico, pink, and Siamese. Under $20.
Shop it through the link in our bio. Free shipping over $35.

Keep nature close.

#amiees #catearrings #cutecatearrings #goldcatearrings #catjewelry #catlovergifts #catmom",https://cdn.shopify.com/s/files/1/0677/3201/3371/files/dangling-cat-earrings-calico-dish.jpg?width=1000&height=1250&crop=bottom | https://cdn.shopify.com/s/files/1/0677/3201/3371/files/dangling-cat-earrings-pink-dish.jpg?width=1000&height=1250&crop=bottom | https://cdn.shopify.com/s/files/1/0677/3201/3371/files/dangling-cat-earrings-white-gray-dish.jpg?width=1000&height=1250&crop=bottom | https://cdn.shopify.com/s/files/1/0677/3201/3371/files/dangling-cat-earrings-calico-editorial.jpg?width=1000&height=1250&crop=center | https://cdn.shopify.com/s/files/1/0677/3201/3371/files/dangling-cat-earrings-pink-editorial.jpg?width=1000&height=1250&crop=center | https://cdn.shopify.com/s/files/1/0677/3201/3371/files/dangling-cat-earrings-white-gray-editorial.jpg?width=1000&height=1250&crop=center | https://cdn.shopify.com/s/files/1/0677/3201/3371/files/dangling-cat-earrings-calico-text.jpg?width=1000&height=1250&crop=top | https://cdn.shopify.com/s/files/1/0677/3201/3371/files/dangling-cat-earrings-pink-text.jpg?width=1000&height=1250&crop=top | https://cdn.shopify.com/s/files/1/0677/3201/3371/files/dangling-cat-earrings-white-gray-text.jpg?width=1000&height=1250&crop=top,queued
ig-dangling-cat-silver-necklace-2,2027-01-01 17:00:00,dangling-cat-silver-necklace,"An enamel cat hanging from a silver tone chain.

Dangling Cat Silver Necklace, in calico, orange tabby, tuxedo, gray and white, and Siamese. Under $20.
Shop it through the link in our bio. Free shipping over $35.

Keep nature close.

#amiees #catnecklace #silvercatnecklace #cutecatnecklace #catjewelry #catlovergifts #catmom",https://cdn.shopify.com/s/files/1/0677/3201/3371/files/dangling-cat-silver-necklace-calico-dish.jpg?width=1000&height=1250&crop=center | https://cdn.shopify.com/s/files/1/0677/3201/3371/files/dangling-cat-silver-necklace-tan-dish.jpg?width=1000&height=1250&crop=center | https://cdn.shopify.com/s/files/1/0677/3201/3371/files/dangling-cat-silver-necklace-black-white-editorial.jpg?width=1000&height=1250&crop=center | https://cdn.shopify.com/s/files/1/0677/3201/3371/files/dangling-cat-silver-necklace-gray-editorial.jpg?width=1000&height=1250&crop=center | https://cdn.shopify.com/s/files/1/0677/3201/3371/files/dangling-cat-silver-necklace-white-gray-editorial.jpg?width=1000&height=1250&crop=center | https://cdn.shopify.com/s/files/1/0677/3201/3371/files/dangling-cat-silver-necklace-calico-text.jpg?width=1000&height=1250&crop=top | https://cdn.shopify.com/s/files/1/0677/3201/3371/files/dangling-cat-silver-necklace-tan-text.jpg?width=1000&height=1250&crop=top,queued
ig-gold-dangling-cat-necklace-2,2027-01-03 17:00:00,gold-dangling-cat-necklace,"An enamel cat hanging from a gold tone chain.

Gold Dangling Cat Necklace, in calico and orange tabby. Under $20.
Shop it through the link in our bio. Free shipping over $35.

Keep nature close.

#amiees #catnecklace #goldcatnecklace #cutecatnecklace #catjewelry #catlovergifts #catmom",https://cdn.shopify.com/s/files/1/0677/3201/3371/files/gold-dangling-cat-necklace-calico-dish.jpg?width=1000&height=1250&crop=center | https://cdn.shopify.com/s/files/1/0677/3201/3371/files/gold-dangling-cat-necklace-tan-editorial.jpg?width=1000&height=1250&crop=center | https://cdn.shopify.com/s/files/1/0677/3201/3371/files/gold-dangling-cat-necklace-calico-editorial.jpg?width=1000&height=1250&crop=center | https://cdn.shopify.com/s/files/1/0677/3201/3371/files/gold-dangling-cat-necklace-calico-text.jpg?width=1000&height=1250&crop=top | https://cdn.shopify.com/s/files/1/0677/3201/3371/files/gold-dangling-cat-necklace-tan-text.jpg?width=1000&height=1250&crop=top,queued
